FIPS, MILESOFRAIL
15009,4.31088035
02170,225.1241684
02020,150.6696682
02122,58.95284938
02068,106.8427308
02290,43.60169212
02261,5.13798753
02999,965.6738138
02090,92.18219298
02230,18.68663896
41011,40.94283836
06023,104.1703903
41019,164.3292399
41039,323.6272799
41041,36.76636858
41057,60.87197205
53027,75.00304679
41007,32.25358723
06045,149.5414355
41003,81.36739467
41053,44.71119708
06105,13.26690634
41071,53.69624633
41067,133.6965248
41033,44.04205124
41009,69.5508935
53999,119.5274548
53045,61.03777578
41029,96.37690269
41043,187.6663897
53067,107.9061719
41047,154.0703811
53041,101.7602111
06097,74.29667093
53015,180.8733165
41051,351.5747479
53035,42.76623749
41005,64.29443209
53073,142.5503079
53011,154.1619204
53001,206.4173449
53053,328.0411375
06093,278.619937
06041,22.43633075
53057,77.91421332
06055,51.61482623
06081,64.40213032
06089,160.3495507
06013,350.9668873
53033,508.088906
06075,20.6084636
53061,169.9568002
06001,387.4427489
06103,69.84290634
06095,122.3650177
06021,47.32294059
53059,50.05714974
06087,46.88346365
06011,39.00735716
06085,158.5593022
41035,264.2310768
06007,123.5994582
06113,91.75634317
41027,54.27481832
06053,159.3249472
06101,30.45797525
06069,14.2588361
06115,60.65361232
06077,428.2808833
53039,118.6621954
06067,267.0370221
41017,76.98512589
06049,211.6207865
41065,142.8814055
06061,203.3581993
06063,180.3084663
53037,85.47237882
06035,240.7844936
06099,219.811669
41031,47.53668065
41013,18.09110553
53007,142.1307372
06017,28.54370792
06005,22.69662223
41055,21.11003785
06047,130.3629046
53077,183.6420474
06079,88.73711409
41021,59.84900326
06083,174.6417457
06057,33.72388748
06019,290.1522072
06109,30.161278
41037,16.15182815
06039,80.22196201
06091,8.37741818
53017,17.72831226
32031,207.6541766
41049,75.03304374
53025,178.2337557
06031,86.12553718
53047,97.68255474
53005,286.4364765
32029,15.62907435
06107,241.8469913
06029,537.2352631
06111,136.3632176
41059,259.0181633
32027,129.7443223
32019,65.90385891
53021,184.2204082
32001,78.25438828
53071,180.2020436
53043,178.2263805
32021,148.5748021
32013,205.1184062
53019,57.40438636
06037,1124.857016
41061,110.6452402
53075,278.5572936
53013,12.3010564
53065,124.2286576
06059,170.3138298
41001,99.87586198
53063,364.9961918
41063,48.34800738
06071,1038.321267
06065,350.5828042
06073,229.5688694
53051,69.58794222
41045,69.24855245
16087,88.55949326
16055,147.2797338
16057,68.83356194
16069,76.28307067
16017,181.5199447
32015,58.12737086
16027,130.1753407
16075,32.86390078
16009,79.66036311
16045,38.20264885
16003,46.21012104
32011,83.92291291
16061,32.66327039
16049,52.8537396
16001,97.29400171
16035,27.24345312
16021,98.14368464
16079,54.44560714
16015,33.6545326
32007,419.5412871
06025,252.8401131
16085,23.75518205
30053,147.5460061
30089,144.7832258
16039,99.05351778
32003,243.0843345
30061,60.46636089
16047,45.54697089
32033,107.3950548
30029,136.1127437
04027,185.4027741
16083,63.42285956
32017,127.2235174
16053,51.42934382
16063,58.72885713
04015,153.8618789
30063,126.0652607
04012,77.91564289
30047,41.61624565
30081,48.50635841
16031,55.25996055
49021,130.5636099
49045,327.7067176
49003,250.8243975
16067,83.67977319
16013,19.82024048
30035,76.98164571
04013,449.9579032
30039,31.18362058
04025,249.3768845
16023,43.82781733
49001,53.21912247
16077,67.44975511
30077,65.743554
49027,136.8911943
30023,30.920898
16011,120.0330346
04019,214.2699426
30001,96.80588354
30093,110.8255907
30057,32.77615413
04005,325.1210317
16005,174.6588908
49057,149.7940954
49023,118.3624961
30049,92.19904872
16033,42.35695997
16071,16.0999529
49031,6.38952701
30073,60.2757518
49041,53.55927912
30043,45.05092058
49035,421.5014121
16051,60.18634136
04021,253.8271363
30101,110.1197209
30099,73.68846322
49049,255.9330518
16019,73.76788954
49011,133.0731456
49005,71.38888002
16029,105.7242311
16041,33.27530796
30013,153.5227168
16065,36.35194863
49029,24.94209672
16043,35.57878103
49039,81.53800013
30031,86.72306368
30007,48.57873758
49051,25.8354527
49043,88.66604474
16007,61.80667155
30051,31.13090044
49007,155.7078197
49033,0.5167036
30015,70.0489974
56023,162.4785156
56041,92.91732704
04023,32.84302186
49015,74.64477443
04007,51.9023232
30067,42.78678989
30045,108.0824934
30041,98.65974324
04017,188.45291
04003,208.0229547
04009,91.01417387
30097,42.90254567
30027,81.59609857
49019,125.1010001
56037,363.4325717
04001,148.8793465
30107,30.19911827
30095,46.02424854
30005,65.49361122
30037,38.99164979
04011,46.78276469
49047,14.3765671
56035,1.67327865
56029,51.97427448
08077,160.6048304
08103,11.88742149
35023,104.2041639
35031,234.3582994
56013,96.04885064
08081,61.71150005
30009,59.54377843
30111,210.7767279
30065,19.10681125
56003,92.5459906
35017,116.7718745
08029,80.87135902
30071,61.3171513
35029,137.0542691
56017,36.20370213
56043,33.29680967
08045,104.8507251
08085,16.96837422
35006,69.04725436
30003,120.0384341
08067,32.51912831
08111,13.32312251
56025,102.6628486
56007,145.3930942
08051,8.05724829
30103,57.7750316
08107,125.7130385
56033,129.8731692
30105,106.3189403
35013,176.1361522
35061,140.3417813
08037,124.7247517
08097,12.56311974
35051,51.80776011
35053,101.6922663
30087,102.6015898
08079,18.05922046
35001,71.69256671
08105,58.28874223
48141,172.6485294
35039,31.03994699
08049,83.08956219
35043,36.26330245
08007,1.68310258
08021,55.64588176
35057,120.9904284
08065,33.44888307
08015,79.15331891
35035,123.3695868
35049,86.87691644
30017,66.55523248
30019,64.04520829
08109,1.40901851
56009,184.3320026
08003,36.10170367
56005,232.8016703
56001,124.5119457
48229,121.6830514
35027,86.08861283
08043,96.77035234
30085,140.6868796
35047,79.2348621
08047,21.53682779
08023,37.21893486
30055,13.97715716
30079,66.44963899
08013,63.90433681
30021,125.8244313
08059,62.70793849
35019,137.9923814
56021,285.007752
08055,75.53199811
08069,111.8797638
08014,7.32574176
56031,143.1265756
56011,26.47532454
08123,231.7633414
08001,151.2726241
08031,119.0881655
08035,81.39910559
08041,126.7178824
30091,111.4773093
08005,42.97777797
35033,45.35536534
08101,280.1692008
35007,108.2851183
48109,71.46284952
35011,93.59864521
56027,44.80988786
56045,71.81882195
48243,33.96939934
08071,152.2925953
56015,149.7586531
35005,106.3666503
30025,41.99450729
30083,52.29717889
48377,129.1076063
35015,171.2256554
30109,19.82122578
08087,63.23760553
35037,88.59200641
48389,88.61288898
08025,33.77368616
08089,98.85879679
46019,26.10194351
46033,71.8981356
31105,41.90675046
31157,136.8133705
31165,23.34451675
38023,60.38540738
38033,23.8068651
38087,9.13218372
38105,136.5505512
38053,10.62186195
38011,55.00474344
08039,31.19937351
46047,105.6040961
35041,68.85635879
35059,85.29682381
35025,95.32495746
46081,31.73843142
46103,153.5499672
35009,110.8195358
48043,126.053145
08073,74.36990282
46093,27.87039807
38007,22.16763428
31045,93.06342888
08061,90.15327266
08121,45.57234601
48475,64.34885636
08011,73.11622811
31033,112.8409377
31123,140.0693488
48371,79.69061533
08075,121.7698549
31013,95.23005594
38089,82.67704876
08017,65.57272006
08063,68.13056438
48495,27.67556596
48003,3.85878493
48369,66.13271792
48205,80.13034357
48111,87.31971382
08009,107.3577397
38001,52.55478234
38013,129.9022614
38061,138.6568837
48017,25.32287946
08125,51.1459022
31161,51.27137166
48103,5.16877634
48135,68.08708262
08099,47.04228333
08095,38.78954336
08115,34.78416693
31069,33.36477848
48079,1.16842186
48279,42.8899587
31049,26.75696013
48219,64.98528779
48165,4.11675385
48443,68.47855332
48445,40.07751354
48069,31.0418479
40025,74.46489194
48117,49.27995383
46105,5.06800171
48105,0.53069244
48359,18.14281097
48461,35.00031225
48329,33.49540676
38101,239.4358162
48381,73.9994147
48375,192.1359065
48421,57.20197704
38059,99.08680378
48303,174.803079
31101,92.53647202
31057,49.10299811
31135,53.97956974
20181,44.50901009
20199,40.15022868
20071,32.43136363
20075,34.77967808
20187,33.80831484
40139,75.90547162
48341,96.46924808
38075,42.40127953
46071,40.43116939
31075,30.76529802
38085,0.43556344
48437,38.50307097
46031,99.18337391
48189,91.06232064
48115,16.71213068
38057,67.38685437
20129,24.18901709
48317,13.02382827
48305,37.47927623
20023,24.9270345
48383,31.21779829
46055,41.06256036
48465,105.6555533
48227,44.62998858
31029,20.11385576
48233,39.50839926
48065,99.24940334
48011,34.59227973
20203,30.64558268
48169,48.24776941
20189,37.18003118
20093,30.99054018
20067,32.75725664
38009,141.7457193
20109,44.72192713
38055,131.2143985
48195,10.23058983
31091,30.56007097
20153,41.55487683
20193,69.32786923
31085,12.92609038
31087,57.44444355
48235,43.31460214
31111,236.8409652
38065,35.13404651
48335,33.21395443
20171,50.96515193
20055,88.45191653
48415,49.99804808
20081,38.92676617
48129,43.08017655
48179,35.13472747
48357,36.99717874
46075,56.32001664
38049,152.6114301
20175,41.02850319
31171,34.69964107
38015,94.48191308
20063,43.71371855
48393,17.66972921
46117,30.77087101
31145,61.26452858
20039,59.30780037
20179,13.98378501
48271,59.7570751
48451,44.12388176
20101,31.52258203
38083,41.37586218
20069,59.74372384
48353,99.19514757
48151,21.01961272
31063,34.38631083
20119,42.11455186
48191,20.64326506
48295,45.72108
48211,34.81620308
48323,33.50195703
46129,53.57091514
48075,35.12030449
46065,59.3849071
46085,54.81779884
31009,18.66353733
20135,39.19692557
38069,71.43374583
31047,75.27430097
48399,36.93956099
20057,105.9758499
38029,17.3241518
31065,74.94559946
20137,56.32712526
20195,41.49238399
48441,88.49908466
38079,38.64136675
48463,68.81650763
20025,38.11164385
38043,34.26173412
46119,13.81764039
38103,123.020081
31017,19.89593928
31041,61.94923502
40045,42.05506854
48197,57.08191329
31073,21.72558532
20083,19.94728162
40009,37.8618073
38005,63.97249163
38047,46.32000557
40065,106.6173337
48083,69.51787453
46045,68.69177055
31149,23.1420709
46069,21.90535921
31137,48.48853702
31083,62.40094629
48059,32.76514049
20147,49.20930258
40153,46.77521434
20051,39.17776091
20165,68.53447326
38051,13.4794126
20047,38.72917804
20145,49.50048904
20097,36.81033314
20033,3.35650133
38095,61.92875214
48479,156.750467
48487,48.65273634
38093,164.1614059
31019,84.69389178
48325,61.95911778
40149,70.13243726
46015,33.52502055
48283,46.42564368
48307,22.41475634
40075,78.90113039
40055,4.32006166
46059,33.52404804
20163,13.13223778
38027,48.78798167
38031,80.86126111
31089,78.98457356
31163,15.25930512
48049,72.57217794
38071,108.6178993
40141,70.42159539
31099,35.99576409
31061,14.4463371
48163,36.30903503
40039,86.76170743
48133,40.38895226
48411,34.98186297
20183,33.68792458
20141,59.36672454
20167,40.64051592
20009,100.1221744
20185,38.48147642
20151,71.8034688
38019,119.1014299
40093,15.49406457
38045,77.81754715
48485,77.46421287
40151,69.25018766
31175,18.33780057
46023,49.97892232
38021,65.96876249
40031,74.65952441
48427,18.10565745
48029,262.4002908
48013,61.19619506
48131,46.85069338
46003,24.44439564
48333,37.0905016
48247,12.20959701
48093,50.21343274
31077,7.81264349
31001,131.6697673
46013,116.3668792
31079,124.0473308
46005,117.9255533
48299,20.49823359
31093,32.72229057
40043,2.48656638
40015,45.51254376
40033,19.35664369
46115,83.57342558
20007,40.19940094
40011,64.31340106
48215,79.2597922
48363,41.29452504
48429,5.69259988
48281,62.31250879
40003,36.45247303
31181,37.00972681
20089,50.52880099
38039,37.18549952
20123,66.91890986
20053,42.90240615
20159,88.67719309
20155,181.8117081
38003,110.8470059
20095,95.44567864
38063,89.0580067
48053,52.63449449
48077,35.7431061
48143,48.48070284
20105,38.20773044
46073,8.39534008
20077,50.04749548
46111,23.85295244
48091,61.28613012
46035,54.58993077
38099,167.8781567
40017,86.04171925
48493,3.02765915
31003,55.65220811
48297,55.91266759
31121,76.69605984
31035,57.23122859
31129,27.76259497
48187,42.65651455
31081,71.86792479
48249,22.62641025
31011,24.19560209
40067,41.96742182
46009,39.39684849
40047,136.3639824
31125,36.91042085
40051,103.2610668
48367,42.10092858
38073,73.10059117
48209,41.73380088
38081,101.9738165
48491,148.8730776
48221,44.02422512
46067,35.04801086
46037,55.69190267
46091,33.69736622
48337,54.74316818
38091,43.85176337
40073,33.62089997
46061,22.74350347
40137,29.54457784
48099,23.19895966
48355,139.487661
20157,59.11654024
20029,86.10772935
20169,95.7847489
38067,77.64711028
38035,141.5409074
48055,39.43493088
48273,23.2306316
48409,95.79944376
48061,161.2943168
46077,53.35735576
20113,85.65630058
31139,28.92026236
31119,61.77704784
31141,97.09869361
31143,32.92234303
48497,100.7317684
31185,43.67123194
31059,43.93850445
31169,31.53870943
48425,1.98614529
48453,75.26272636
20173,232.9354774
20191,150.1690331
48261,52.24306275
40053,31.04806579
48027,143.5394736
20143,36.59640564
48489,21.2072565
46025,18.66654347
38017,273.6091272
20079,94.80657365
40109,174.2729159
46135,41.83586335
48035,45.06691145
48251,111.0858719
46087,12.52759301
48439,422.5124791
48177,39.30525117
48021,104.4572999
40083,38.36647806
46057,12.12619999
40027,32.23283571
48217,44.84750631
38097,67.16929714
48309,121.436862
40103,96.35361187
48391,46.70472573
46125,43.75089089
20041,118.9386706
40087,22.53528083
20115,110.8406053
20027,11.27358756
31095,55.51409666
31151,55.51521906
31167,2.26835465
31159,48.20919157
31023,67.94391838
31027,19.63131094
48121,162.0888586
40071,66.4293463
48123,30.14146912
46029,43.98541716
38077,166.4531504
40049,25.09682508
48145,36.08166579
31037,23.82654199
48175,8.96576978
46109,75.84248571
48331,87.25780854
27069,94.95957821
48149,98.26485747
48285,27.91930527
40019,32.5910344
48469,119.7519243
40099,35.76350713
48097,34.45867157
20015,132.9114724
20035,117.6327871
46079,25.36228567
40085,30.91609293
40081,40.12931701
27089,138.5455455
48007,2.96792804
20201,22.97413665
40125,39.58120454
46011,57.850125
48139,136.6444245
46027,21.07791413
48287,38.92991984
40119,16.28481973
48113,396.180001
27119,215.1213912
31051,18.74948673
46051,75.82599053
48181,153.626074
46099,131.3567902
20127,66.57807715
40117,48.8995314
46083,54.05616019
20061,25.55694857
31109,228.5713591
31067,63.73474154
31155,84.72980623
31053,109.5718011
48057,69.25928743
40069,42.33204739
40123,39.24693097
48085,115.7300896
20017,70.3407629
27107,25.96277643
48395,158.3039714
48089,72.68714784
46127,48.5769612
20117,88.83644951
48051,84.48562729
27027,149.9091106
40133,28.96142676
48239,84.4264818
40095,28.70050338
20161,29.59279739
27167,95.42123554
31043,45.48527934
27011,47.88167365
48293,48.78727427
19149,91.57909795
40037,81.09290711
48349,98.35623393
19119,23.13513663
40013,93.13280972
48041,76.49015413
20149,84.60129179
20049,36.2590611
48015,84.99461576
48257,32.02400236
48397,15.20528817
19167,73.79855943
48477,24.05812498
31173,18.95485354
20197,41.83493437
31021,20.02742462
40063,64.28447157
19193,92.71144384
48161,76.26348551
31131,85.22662901
31025,111.7068566
31097,33.35790425
27133,44.24797427
27081,25.42950285
27073,46.19416592
48481,53.91168951
31055,140.0785354
27117,40.9643804
48147,46.36769405
31177,32.50918073
20111,70.99577435
27155,6.94932543
31153,58.43926654
48321,90.93380735
48289,88.73046586
48231,84.8798029
27111,140.7757156
27051,62.40579102
27149,55.57117118
20131,29.47042453
27113,37.8721061
19133,29.0316481
40005,47.04630202
40143,176.0351197
27135,77.07447847
27005,69.48340366
40107,10.47118416
31133,21.1082226
48313,15.01795078
48185,106.7742375
27151,83.63483429
48213,64.06362774
19085,110.2077528
40121,223.6517966
48473,35.51428715
27083,77.38437027
40111,48.48516106
48467,31.95069196
27125,27.60651471
48157,131.7965215
27105,54.90005298
20085,10.20554863
20177,142.6566855
31147,77.89217648
40147,48.44965168
27087,30.52547373
20205,68.54382012
27023,70.94618311
20031,35.10824837
20139,103.4347488
20125,138.092533
40023,93.54151064
19155,190.3407156
48201,844.1553853
31127,38.42187833
19129,69.27582294
48223,82.20863202
48119,0.5876411
19035,36.08420962
19141,37.9936799
48277,43.29433017
27173,47.72377614
48339,146.8797863
40131,155.465352
19143,35.66608635
19071,37.0246769
48001,77.90580215
20013,62.70600494
48039,173.9515518
27041,71.46318818
40145,76.48143645
27121,55.28310972
20207,30.00866377
40105,31.8080727
20087,22.21009055
29005,28.18212743
40127,6.45483108
19047,83.30446668
48423,84.99511973
27127,50.97284019
40091,26.72905942
48499,35.89564508
19165,26.47087484
27029,21.03171722
48471,35.61328397
20099,116.1394392
20003,69.05944089
40077,38.95682708
20059,82.03479987
20133,68.3056702
48225,41.26821646
40101,86.87770308
27129,78.55634372
19093,12.15627081
29087,52.82961014
27063,35.97748838
48073,47.98491417
20001,31.25439736
48455,16.9588197
20045,42.43124005
19041,34.13191482
19021,42.5669198
19059,34.25894229
19145,12.58761709
19137,49.22037146
20005,50.31018362
40097,64.68955576
40035,64.60266793
48159,10.82189996
19161,36.69120387
27067,86.10413107
48167,108.1860138
20103,40.09810222
27007,62.13920624
48291,137.8601949
27159,16.01346318
19029,36.66118634
48459,47.37855596
48063,41.82709358
27153,38.39066684
40135,84.73292369
27145,122.4532875
40089,104.0995699
27033,20.12612981
29021,94.64921263
48449,55.49365318
27015,46.85626496
19027,56.54860904
27077,31.19697471
20107,52.86124125
20021,88.55709392
20121,91.48936017
20091,120.188579
27057,52.6237357
29165,58.7746604
40115,64.8826832
48407,14.22513551
29003,12.53122222
48401,51.35030289
48183,74.26371732
48373,53.21944893
48071,47.90370203
19003,35.04645453
40079,116.687532
19151,52.23217449
19063,37.88326946
19147,60.46495297
20209,238.4554523
20043,3.87666391
48005,61.70641574
27165,40.87768357
19025,42.7232309
27091,76.58921723
20037,75.52394952
48343,54.47613941
20011,47.7879765
40001,50.56615592
27093,52.32524753
48199,81.46484647
48347,46.62560651
48203,132.5417041
19001,9.52448105
27021,162.1529057
19077,42.29506083
48067,76.56806495
27097,53.67745
19073,46.62776548
27143,40.01579022
29145,88.94374937
29097,133.3285379
29011,88.02235627
29217,103.3004129
29013,75.5171307
48037,169.0968141
29095,327.4212432
29037,82.77842379
29047,171.4162294
05007,75.93553084
48365,60.14626024
48315,39.30789524
27085,44.43681077
29119,23.70609144
05081,102.1489066
05133,64.68037516
19175,32.2596017
05113,66.91281458
48419,67.97041703
05127,22.72927344
48245,209.8854054
19187,123.2106033
19091,41.48138327
19109,89.08020313
05033,66.88824493
05131,55.46030435
27061,123.1566291
27013,72.34272138
27035,68.56305015
27071,113.9706499
27009,28.44485085
19049,54.73038073
27171,83.42447005
27043,91.74101966
29177,102.8821515
05143,41.22987355
19121,9.71106928
19015,41.91063093
27141,51.47831284
29101,54.03519013
29025,42.79940467
48405,18.80293679
29107,86.17693062
48361,120.5721596
05061,52.72473122
48241,97.51047543
29057,35.7849681
29109,73.46398268
05047,26.25026456
29185,7.17260425
22017,213.3459045
05091,59.46859596
48403,20.85557412
29083,40.60532236
19039,32.8889179
27019,56.83760612
22031,85.60484857
27079,36.1210102
19197,90.58230899
19189,17.98502793
19081,56.65753649
29009,48.63746204
05057,90.93516106
19079,60.76215701
48351,24.94537991
27139,81.97395163
29061,10.75581826
27001,90.58373563
19153,187.7975713
27161,44.85950851
27053,262.1978681
29117,51.60756197
22015,110.2928125
29033,111.6037441
29079,51.34323413
05071,37.55269434
22019,190.6982212
05073,46.90636839
19169,77.76327835
22085,49.72462994
27047,105.3567519
29077,160.3608103
22011,92.51484955
05097,5.66035953
29209,26.85754031
29043,9.33941691
29129,26.85005914
05109,17.34270314
19117,54.22317878
19185,45.17531354
22081,60.35041158
27003,71.02889657
29159,45.67995001
19069,40.9364919
19083,101.2599344
19033,142.2256589
19195,70.59445368
29195,88.92149332
19181,17.39828865
05019,79.16164488
05099,20.63593975
22119,107.6868189
29015,21.60352093
05027,57.98922281
22115,51.7397251
27147,74.70002682
05149,18.04689443
29115,50.41590319
29211,20.28760886
19099,65.7781763
27037,158.1186689
19125,57.23667663
29171,18.2856236
05115,39.71835723
27131,44.38611695
29213,20.97383312
29041,63.73004978
22069,77.60656523
27059,23.93464723
19127,66.47561121
27123,160.5620853
05009,31.10705742
05051,26.58190488
27065,5.08958707
22027,33.89202644
27115,81.83256132
22013,61.46780749
22003,64.15228956
05103,84.85890511
05105,37.58053797
19135,102.0240315
19007,47.31243402
27137,684.4957433
29141,35.71500664
29225,56.61150871
27017,151.5431353
27099,42.29064598
27039,21.23256698
19023,81.68274913
29053,46.33049439
19131,44.19148293
19067,72.80048239
27163,96.14280204
27025,31.95892685
22053,52.5735769
05059,52.82020521
22127,44.51910219
27049,31.99877387
22043,92.87162105
05089,23.86397797
22061,32.4697322
29121,76.30509751
05029,27.38438306
29089,27.96635164
29135,45.83884308
29105,41.10024154
55093,31.54452934
22079,172.3643755
22049,16.33050536
05139,62.27008274
55109,70.55234276
19157,51.03221728
19171,27.8068934
05013,83.33513599
22111,6.80979549
55095,38.13515531
29175,80.73967866
05125,36.13468253
29229,35.15221198
19123,31.02697044
27109,35.91032827
19179,64.70242711
22039,35.46695962
29131,24.18665373
22001,48.74458303
29019,74.36050828
19013,103.624335
19017,26.63225834
19037,38.26718103
05119,197.2512462
05005,38.91502749
05045,23.46813537
29029,4.47638604
29001,10.51388734
22097,93.5865946
29051,57.13439174
05039,15.30488353
22073,112.9774569
29169,56.58905256
22059,15.6617137
05025,24.79162577
29103,19.75872088
05011,41.10119916
29007,99.85620522
29137,54.75677869
19095,43.65261726
19011,66.96040656
55091,22.82469364
29205,27.47592981
55031,262.7023346
27157,34.54565762
29215,20.79785035
22009,51.25107812
29027,53.55383378
05065,44.67930669
22055,35.36032479
22021,31.35544099
05069,160.124352
29151,53.69549049
19101,32.60589752
55005,54.41053906
22113,9.56807254
55033,87.32687762
19107,9.79517645
29199,11.71623368
19019,31.41864977
55011,62.9757969
19191,31.10936111
27169,87.96546223
05085,13.40892232
05003,73.80348891
19065,19.70773434
29161,48.47873545
29091,48.79528301
22067,76.95227058
22045,55.35134582
05043,45.90489425
22099,11.07054925
29045,32.90987761
19183,42.15856954
22083,30.86275575
05145,60.39492444
55129,51.48622265
05063,64.48313266
29127,84.99665715
29125,9.17055969
19113,151.1988294
19103,59.76103098
22077,111.5180942
27075,142.2317622
22101,69.12986928
19087,20.13538958
29173,32.89758801
05001,28.60777661
05079,16.00838967
29149,18.44805294
55017,103.4383878
55035,69.55951577
29139,45.16483362
29073,35.30587689
19111,79.85832792
19055,45.38942915
19005,43.61863586
55121,51.14875424
55007,34.46458358
05041,57.50510829
55113,28.01874196
55107,79.16114302
19043,62.71289754
05049,15.38068045
22047,65.24135471
29055,66.23919536
29111,23.30725531
05135,21.29147411
19115,25.94624192
22065,53.58072586
05117,4.36125814
05017,52.24828055
17067,60.99291053
05067,62.39727359
28001,30.94599635
29163,72.05557599
17001,46.06222344
29219,48.87296655
05095,46.21665998
22121,79.4204027
05147,43.24016023
55063,57.98842922
19057,117.1717767
29071,136.0069092
19031,34.01508698
17149,74.74160389
22125,5.41131272
05075,80.16702134
19139,93.5972312
27055,28.66717012
22033,132.9083295
22037,30.3650976
05121,11.34151281
55123,21.70225915
22035,34.08780177
55023,60.95072855
17071,46.65944146
55053,91.26672412
28037,41.26709766
55043,74.17335794
29093,55.45713545
19061,72.43522268
28151,60.71839585
05123,65.4072761
28157,9.13117336
22007,7.078619
22005,83.81209782
28011,26.00381898
22109,33.96613405
29221,51.58896535
05037,80.46223109
28005,8.84916591
27031,9.80989374
05111,66.13001677
22063,25.70194366
29183,131.6141125
22093,68.9304504
28149,75.17926082
55119,31.62397737
55019,67.2608876
55081,78.02840521
17109,84.6662716
19163,88.85006178
19045,109.7292217
22057,41.57075371
55003,71.11922171
05055,42.562485
05031,88.4204521
29113,25.02176224
05077,19.57859271
17187,45.85705329
28133,25.64568552
05107,22.6548675
29189,229.0341255
29223,39.78768164
28049,134.0200212
05021,47.07631628
55099,73.07464142
22095,77.76217509
17085,108.2939002
29187,53.56337468
17171,21.87611502
28085,65.90270281
17161,76.19633608
29099,97.85609281
28027,60.44842572
17061,41.59794064
17137,106.934042
22105,70.58068963
22089,100.8910883
29023,57.74243006
05035,113.8190117
19097,35.45245276
28163,63.92506136
28113,46.48094671
28083,76.16577643
28135,49.55200988
17057,121.2882488
17095,154.6387393
17169,15.28563292
17017,20.96687146
55049,20.22032674
28029,35.02593607
55051,16.61257087
29186,64.00225934
17073,72.62668064
17083,17.10632303
28089,58.43198378
28051,66.28725723
29510,140.9518509
55073,85.98621262
17133,30.87381121
55057,86.75477638
28119,40.14681869
17015,93.89506585
22051,118.2318943
17195,86.60502487
28077,47.561353
28143,18.78635888
55103,1.97483002
28137,20.27541572
17163,328.8209682
17119,357.6437432
26053,23.96333486
28033,55.35570879
29207,83.30992935
28107,41.57182615
55141,126.05679
55111,47.62940745
05093,90.73862595
28121,98.44788632
47157,413.6603981
17117,124.7059328
29069,20.88850862
17157,131.3138578
22071,137.3318734
22103,65.26232212
28015,33.68456939
17125,55.77461759
55085,72.19305603
55069,61.30415556
22075,26.75894513
22087,26.08053327
28091,31.64327605
28127,38.97517967
17143,193.5005694
17167,194.6525582
17129,37.03272871
29143,79.74535624
29157,39.14135766
28161,35.40845455
17177,51.86643674
29155,35.75173726
22117,25.40392732
17011,141.1809863
55001,30.60818209
28007,19.86305121
55097,104.3722561
28043,35.50534021
55025,154.0181382
47167,33.05861312
29201,73.02692526
28097,46.68894959
55021,115.2704786
17179,130.8314149
29031,61.66033276
26131,53.6354045
28123,42.15478934
28093,65.44925942
17027,87.66342421
17189,62.22105643
17135,127.2475857
28109,51.05825138
17141,151.1664231
17077,81.77482447
55045,25.79174444
28045,69.27059466
28129,15.52891708
28031,33.17237547
17175,6.45423326
47047,58.0450803
17123,50.33219055
17103,49.07779974
28071,30.27577622
55077,21.3951742
17005,61.24610614
17145,102.0024485
47097,28.62502361
17021,88.21661412
17107,85.76888792
28013,11.04707466
47045,52.90216215
47095,26.00345545
47075,34.36180348
17003,27.75042575
28073,33.60009793
17181,40.3750804
28155,24.2341067
17155,26.33530769
28067,49.83520753
17201,92.57553243
28035,94.3187425
55105,146.4802706
21075,27.12652673
28009,22.3175579
17203,29.19804193
28101,65.10766685
28047,102.9008129
28099,42.69561434
28061,35.66928525
17051,63.04396229
55047,12.08701125
55135,63.16685197
17115,176.9205734
28019,20.74594702
17113,178.6298336
17153,24.91028703
47069,34.28630391
47131,51.33125598
21007,15.96648484
17099,202.120824
28131,20.31551912
28159,28.80593048
17199,78.63337199
17081,186.2545993
28111,32.49997925
17039,54.5236087
17121,123.93473
17055,119.6579217
28145,54.28766408
47033,12.57123865
28105,31.24986915
21039,14.33033428
28139,33.15152237
17173,58.264343
28025,49.05121898
21105,27.60415141
47053,127.9639501
55055,61.89554418
55027,143.6976429
47113,91.47112626
17087,31.01487762
26061,23.07877373
17037,109.8400844
17007,41.21822065
17105,129.0837179
28075,149.7897337
55041,38.7509267
28023,56.19260531
17127,51.90709167
28115,2.55539366
55039,84.24526584
47183,36.89967252
28059,116.6901558
21145,94.39778497
28041,11.10282212
28081,71.40020374
21083,44.4711799
17139,45.14731968
17049,87.8831005
47109,45.73041641
55127,69.05345541
28039,46.09523251
55139,93.76273487
17147,80.37328603
28017,16.0943382
55087,99.42549806
28095,129.41539
17151,11.37859773
17165,42.39799937
17111,109.1508269
47017,80.46261663
17065,40.49429257
17191,34.97773535
17025,54.15525668
47023,9.53456447
28153,19.48622686
26013,61.78476895
28087,139.3145855
28117,21.75982886
55115,27.04559664
28103,28.60298856
17093,36.82522242
17089,164.1037356
28003,81.7917025
17063,98.61403611
26071,35.47740934
55133,135.1369082
28069,30.09642388
21157,37.47359302
17041,90.99653284
17035,42.35758067
17029,81.7421664
17019,170.8396968
17053,72.63921394
47079,42.88749987
55075,129.9365702
01023,29.86752142
55131,88.47798223
28057,17.53743824
01119,37.62606712
55015,41.51498781
01097,233.0246875
17193,25.73958288
28141,76.63773225
17079,43.71550129
47071,7.72022372
21035,17.55165364
55101,81.7639326
01107,61.75202209
17159,25.87633585
01075,40.39011257
17031,1330.629745
17043,167.1519844
21139,9.82878365
17197,349.5932213
17091,141.516679
21143,17.93174503
55059,70.1417098
47005,13.70503865
17097,172.9965444
55009,112.9821045
01059,25.21947904
55083,56.00156515
01063,74.92066372
17047,11.00545605
17075,211.3005892
26043,87.35243757
26103,149.4428131
01033,106.1665927
55079,193.1321442
55071,54.30390704
21033,32.85003717
55117,75.89241624
18129,50.27035229
01091,115.9428756
17023,36.49801942
01129,42.53343725
47085,54.98846717
55089,53.20572091
17185,30.66874946
17045,76.17208687
01093,23.26510425
01057,21.7933031
17033,31.92621418
01003,36.59131021
17183,173.1249336
17101,25.95849006
01025,50.3714927
21225,2.77762639
21233,45.4582714
01065,24.96663351
01125,126.3460299
18051,110.160548
26109,75.56267908
55061,3.53527254
21107,119.8463924
18163,84.25624861
01077,18.4006329
01131,59.19999077
21101,53.10743394
47161,4.2042914
01127,123.6720648
01133,24.55645934
01053,106.0735392
47181,0.05841193
47099,43.32098756
47125,46.87027693
18153,84.76812138
47101,11.47691554
18083,68.46260348
18165,61.9149641
18167,145.4096944
18171,34.38998818
18089,522.5415392
47081,36.45543316
18007,61.36129526
18111,48.95599489
47043,39.15087229
01105,9.14985404
12033,134.1452801
01099,93.52387557
21047,63.54299089
01047,117.543333
18173,78.08890877
18125,61.43509647
01079,37.68269809
18121,6.97662086
21177,69.79033303
26041,128.3760225
21059,37.52131523
47119,75.41261507
18073,57.89371591
21219,25.9568647
18027,68.61718644
18045,13.82956841
01035,42.55661119
18055,99.78170213
18021,17.37160368
18127,197.1937016
01007,26.57722362
47021,14.79730099
01073,569.1693232
12113,42.70662661
47147,29.5484885
01103,73.0259149
18181,88.97986026
18157,130.3064328
47055,41.60418488
18147,46.89634239
18037,63.26758732
21141,42.28405148
47037,200.7318296
18133,54.88936938
21183,29.59183352
01083,51.92671074
21091,39.03172963
01117,212.651603
18107,68.67965312
18091,230.2200608
47187,48.29439707
18101,135.1640437
01021,67.21960049
01001,59.94636987
18119,25.3752317
01043,28.48382194
18131,13.51647429
47117,38.26570383
01085,54.03796905
47103,6.34453347
18149,43.29111033
01013,51.51505572
18123,10.81873542
26021,100.9914321
12091,26.88606076
01089,63.35089726
01009,15.34031009
26003,26.17161145
01039,43.70414063
18015,33.75881132
18011,28.47700628
18023,58.87672342
18063,70.98632107
18093,62.48840727
18105,36.79423221
18117,17.10468349
18025,29.14632913
47165,53.98907814
21027,32.11538657
18109,32.69560661
21085,37.09136494
21227,52.32577589
47149,51.92742496
18017,74.52320487
47189,41.34428778
21213,17.93145022
01115,93.05716926
18141,109.8979909
26153,70.42527484
18099,103.9289131
01101,156.3075726
47003,28.07122006
26105,47.82202524
01121,169.1033374
01051,19.40028218
12131,23.90498362
18013,11.45679291
26127,18.8607051
26121,68.8273642
01071,96.86755679
18097,222.967511
26101,14.68170974
18175,31.10492095
01095,20.23326529
26159,72.41101388
18071,58.9718002
18067,45.96573248
18061,31.27899349
18081,47.59387348
47031,44.10051063
21163,30.52831838
18159,40.1672776
18049,11.18683192
26139,87.77631689
01031,11.33752062
47051,35.50674097
01055,80.3181655
01027,28.87992005
18103,19.8210647
01109,61.51516119
01061,18.19670466
21061,4.74937095
18057,27.46525109
26027,51.58871913
21093,93.52496808
26005,67.61306846
21009,23.5526855
47159,27.614224
18039,81.48072269
18085,109.8926319
01037,12.98604969
01015,110.1815451
26085,31.87441658
26123,50.01899713
12059,23.42659303
01087,31.71577158
01123,34.30892734
18043,24.0029412
18019,109.6785637
18005,28.194033
47177,26.52004446
18145,36.70924
18059,16.13853176
21099,25.47654745
21111,236.7956144
18169,61.40409085
21029,36.99060727
01049,41.25812084
21123,4.4572708
26097,44.45142681
26095,33.3644146
18053,85.82834282
18095,95.97525398
12133,12.44891571
18143,13.88722602
47141,41.11074741
18079,36.39018481
01045,57.64357702
26081,163.0572102
26077,116.37967
26149,58.08178631
26165,57.43438781
12005,59.53497967
47115,21.2648649
26055,56.46779931
21179,22.99108292
18183,46.92475653
01081,67.01126495
18113,54.65825337
01111,32.05513986
26089,15.07841373
18069,37.11017495
01029,29.28069271
18139,34.24275794
47185,13.31618823
18035,113.6030053
01017,30.76018959
26133,62.3162132
18031,26.34430278
13083,30.17530637
18065,41.18850192
18077,32.52273748
26117,45.22086271
21185,16.77737918
26107,25.38347783
12063,73.76634472
47065,213.3366551
01069,86.20941434
18137,32.34497731
01067,28.50167924
21211,69.00837747
18009,23.82285928
13233,77.83942691
13295,51.0843134
13143,41.93999671
13115,68.99902126
01005,19.55801762
13055,8.38232613
18003,176.7045906
26113,9.01371449
18179,48.51492329
26079,22.39082196
21103,17.27661003
26067,38.73298154
12045,19.59410606
18041,32.92691857
26025,75.7413195
18087,6.50169568
18047,31.69706012
26023,31.14057814
26033,66.23190892
18177,66.71273092
18075,32.97393529
18135,28.58498109
18151,41.5855477
18033,81.90706814
13285,62.68264058
21041,40.28555019
21223,0.18044482
12037,28.86192293
13047,14.33026128
13045,47.27166111
13239,15.90805869
26015,2.71194671
18029,52.55224455
13099,66.76086331
26009,21.15945011
47143,49.20915707
26035,43.22589101
26045,71.53215032
01113,41.77018552
13313,62.06098149
13259,30.39971626
13149,5.7590847
21005,21.98890172
13129,53.94652083
18161,32.01954574
21077,15.51491493
47011,43.50197084
21073,17.65027497
13215,76.84991489
13015,96.00192299
12077,38.04500407
18001,11.18147649
13223,37.40757661
26047,8.71009214
13253,13.8296294
26029,13.31113612
13243,35.98472235
13097,18.10980417
13077,69.42569906
13053,27.58417566
21167,31.367501
47035,11.969875
12039,72.57745489
26137,31.85232975
13199,51.83476983
26057,77.59326626
21239,23.87733802
26037,35.08801929
26059,36.71008944
39061,261.6799693
39017,195.0853395
21137,24.95033701
21021,23.3861958
39037,38.59267056
39171,84.38141775
39107,28.24701357
39039,54.83155467
39125,54.30979279
39161,50.70923114
21081,31.12115661
26073,36.6336872
13037,33.52083097
13213,33.45716296
39135,28.15187171
47107,75.07622255
26039,33.1804945
13087,67.23651229
47145,81.2059574
47139,76.96388213
26031,74.28444471
13201,13.70651853
13067,94.17480032
21113,18.04694454
26075,81.93855551
21015,27.79978284
13263,56.60993608
13121,195.1950661
47129,31.97148871
21199,41.10047436
13197,18.98015438
21067,61.19552655
13307,14.15480457
21209,35.7699112
47151,70.33474182
13113,24.04473705
26143,16.54888706
21117,80.32272958
26111,44.54784223
26065,86.08217647
13273,26.48962714
21147,36.33677035
13057,29.32207822
13227,23.33699617
47123,32.92858105
13123,21.53029427
21037,32.24238798
39113,108.8650842
13063,39.73550177
39011,58.78276573
13269,43.3151752
13261,71.38072864
39149,63.29116653
13095,89.60009242
21191,29.4834892
47105,34.60666706
13249,15.11572019
39051,91.68332079
39003,150.9068489
12073,38.63275523
21097,22.39113134
13131,18.72695198
47001,93.87458085
21203,36.84420459
26145,160.180145
26129,18.9904871
13111,16.53523044
26155,107.8769619
39165,78.62895939
13089,69.16572129
47013,80.26108229
26091,85.74642938
39137,77.52413073
13293,14.60764946
13255,31.89244318
13177,25.90667618
13151,45.50967493
21151,57.83968917
39109,36.50188512
39025,35.43565071
21049,48.6792903
21017,30.74996464
13135,64.97271382
26141,33.93380423
39069,69.41209611
13205,32.74341174
13193,55.35422273
21125,32.63658548
21023,21.97736601
13171,26.86517527
47093,168.295718
26017,88.53003801
21235,67.22470298
26093,77.05805769
26011,40.84836271
47009,40.08488627
21181,15.77034002
26161,95.55585981
39057,54.06985435
13275,74.31872804
21121,40.71976837
13247,11.4206877
21065,28.36041409
13035,18.56625188
12065,21.91857855
37039,25.36333582
39091,59.32559773
39027,51.08844097
13321,18.20051988
13079,10.91176785
13139,52.57084681
39023,104.0209416
39015,21.99377636
13207,49.83225629
47025,31.831597
13225,39.72786263
39021,53.56673703
13217,33.78728029
13071,39.35263869
13081,63.3628929
13093,40.33892753
26049,122.6058165
21069,9.51691893
21161,36.43864748
21013,85.50926291
39095,250.3351046
39173,228.6251684
39063,101.5554348
39065,66.86488949
13013,25.73984528
21129,38.60309631
21051,11.61961749
13153,37.77624317
13021,103.0320825
26115,212.6229522
26069,48.38155017
47173,7.58966418
13027,47.09041193
13297,17.25074097
13157,50.66268618
13159,36.97725889
26157,99.96283662
47057,15.52503107
37113,1.52350109
47089,26.15351846
12079,64.74353155
26125,197.2512336
39071,20.47896565
37173,31.02788544
39001,29.01213427
51105,69.95029294
13287,26.84588318
13211,52.15752405
13011,13.95187546
21135,48.32220406
12123,22.18750286
26007,38.48744747
13137,11.76726578
13169,39.50543804
13315,25.22150699
39097,46.2604664
13289,46.11529258
39047,56.66880523
13219,17.09840745
21025,49.5783151
26163,488.9552402
13075,40.06726542
39159,46.38102512
13277,25.8946509
13237,22.63749644
13059,34.61059296
21095,102.8882235
39175,74.02163826
13023,16.13363442
26087,62.23544015
13017,26.57071474
26063,60.5133375
13185,112.0020866
13257,27.24378025
39147,134.6096822
39101,106.609473
39123,72.23361306
13155,13.03885206
47063,47.73457527
39143,99.92750644
13319,45.70687825
39141,79.48464242
37099,24.39540587
21193,76.91697611
26001,25.70803708
13091,44.21731488
13195,19.640165
13009,27.20863548
13133,19.54054343
39049,284.127572
39129,63.95459049
13019,24.56678295
39145,110.5270168
47029,37.56567159
45073,44.30741482
13175,52.58544392
13173,6.87769819
13119,14.69620909
12121,28.11923471
13141,25.56778213
12029,11.16231636
39041,77.76089463
26151,59.95735964
13101,17.29277831
39033,98.62268527
13147,19.00874098
12047,46.48191742
26099,100.3088518
47073,76.01553067
13271,35.05308797
21153,13.66625683
21119,29.71835292
13105,36.34588058
21133,39.02623446
47059,35.67989116
13003,11.70506396
21089,71.59776584
39131,55.97700394
13069,31.90157074
37087,26.09285803
13265,21.01076403
26147,109.2690347
13303,62.96444709
12041,11.31005331
13065,57.26606976
39117,29.46631718
21115,31.68741475
12075,28.4151649
37115,31.56134328
13309,18.53913729
21071,71.51407988
51195,104.4069515
45077,36.36764593
39077,130.0277069
39043,119.0589326
51169,75.88990486
13301,44.22061515
39045,62.31519659
45007,70.99668518
12103,70.70777372
39087,23.44726672
13317,8.99516204
39089,90.97734649
21019,49.00331542
37021,84.59355936
13167,10.52679389
39163,17.42577638
12023,42.0977928
39139,100.3754373
37175,9.31118871
13299,122.2243935
12017,48.13042651
13283,12.00172704
39079,46.91451534
21127,42.34353087
13161,16.15478481
12001,144.2278848
51720,12.38994432
12057,255.1598774
45001,29.35927136
47179,57.10519736
13209,22.46343488
54099,117.9042679
21195,156.1007291
37089,33.10713864
21159,33.89440194
47163,62.6345298
13005,5.24736473
13189,17.66425083
12081,50.18075853
39073,21.83780061
12115,26.648288
13125,8.43329655
12101,50.64849141
51051,56.28796027
13001,40.13771457
39083,30.80599444
54011,82.25614964
45045,112.7419049
13163,40.25217777
12053,31.25018357
12083,85.81935673
12003,41.28907739
13279,26.4666913
47171,28.14849678
39005,48.67167479
54059,144.2308336
37199,5.36611774
13229,23.04406583
37121,43.52178621
37149,10.6104866
39093,188.0512707
13107,36.58062943
47019,13.52533158
12007,43.77842336
51167,70.53577236
13033,65.26882548
45065,31.99628496
45047,47.40219826
39127,38.27841005
13073,22.37081775
39009,49.19688729
37111,87.56375385
12015,30.93340958
12071,42.26904988
51027,97.93001333
13049,47.89339173
39053,19.41831309
39075,10.94750562
13245,105.5921613
45083,182.4542664
54053,86.74499477
54043,49.54565656
13025,52.54627341
51520,9.68703112
39119,90.60001878
45059,104.4582662
13267,11.80862514
39103,111.62233
13165,32.16431886
12119,37.67748808
51191,68.30270878
39169,102.9948913
12105,342.2805484
54045,97.94126433
39105,25.70109909
13043,7.97629838
12107,62.79714688
13305,82.62507263
54079,49.85201683
12089,90.31655358
12019,50.61934358
12031,275.957128
13109,13.60962107
37161,65.51984835
45003,86.45213083
12027,25.30885416
12049,25.46485605
39035,347.5749548
13031,21.8695939
45037,19.65126103
54047,126.8643789
54035,33.1652308
39031,55.45890444
45071,68.06973468
51185,83.89161962
37023,39.54381512
45021,39.62780467
13251,43.9397028
54005,132.3973935
54039,169.3987055
54109,119.2986237
13183,13.43397791
12021,1.52691494
13029,40.56375391
45081,15.99291916
37045,53.57574942
13127,73.12710905
54107,57.54211463
45011,57.26725299
12069,28.78386008
45087,56.40838682
13039,37.57730555
51173,26.5596476
39157,95.36373273
39153,167.3706983
39167,55.87544023
39059,29.6262452
12095,122.332797
13179,43.63911507
39151,244.005541
51077,4.05965362
45063,99.66141919
37027,19.61797289
12097,16.48075534
54081,90.4917213
45005,45.49329094
12055,83.66492763
13103,72.16044866
12127,102.8769249
39085,101.8937242
12109,43.19228667
12117,54.68636715
45023,89.26005124
37071,88.93251961
45039,72.27395354
37035,63.18698393
39133,127.1468765
54073,20.36563376
39055,1.80825201
54055,84.75601448
12043,36.71934741
13051,168.4402132
54019,177.559489
51197,54.05839815
37109,31.80745985
45079,169.3787326
12035,24.33458972
39019,44.25357536
45053,46.86822319
39067,83.58859728
45049,59.79734708
45009,20.51086637
54067,40.32561804
45091,68.67666404
37003,10.540487
37193,20.21147217
45075,108.8461567
54015,26.52007439
54095,16.05146451
39029,99.93020437
39099,112.3744837
37097,63.00437192
39013,58.66941084
45017,39.62197256
45029,55.89598317
37119,212.0104806
39155,193.4613045
39007,184.6176629
12051,31.7548459
51035,22.99919922
54103,55.65322149
54007,71.08432215
51640,0.5276547
54089,47.67394863
39081,159.8421178
45057,44.57145857
12099,231.2987352
51155,53.28352388
37171,56.43786268
12093,29.67627828
45013,34.70158866
39111,16.08663307
51071,60.03914268
54051,38.94722414
12009,120.7112413
45055,44.1446561
54025,76.01989679
37179,52.9647727
37159,98.13366237
54069,0.59133673
54021,2.50073234
37025,44.99671004
54063,3.53732094
54029,24.92063948
12085,82.91533624
45035,47.47531656
54009,28.70136581
45085,67.40127994
51121,82.02142939
54041,14.62328937
51750,10.96653484
54101,24.06303941
37059,19.40005073
12111,59.51623457
45027,28.86838272
54033,46.43022196
42049,212.6122667
42085,114.1237729
42007,343.9965277
42125,190.1164194
12061,23.39362461
12086,217.6339842
37167,69.9011111
42073,105.7864135
37067,99.25429031
37169,31.99252505
45019,135.5778778
37057,149.536956
54097,51.13647415
42039,95.51541961
42059,86.61871299
45025,57.00690705
37007,56.5978033
54049,42.33650244
54061,45.28495724
45061,14.19206968
51005,49.15776769
51161,39.23270025
42003,683.6461045
54091,44.10074307
37123,44.95523159
12011,69.00096051
54001,47.75714894
45031,53.71215179
42019,170.9733404
54083,77.50595244
45015,157.5513515
51775,18.80989509
37151,48.46816832
37081,131.9149963
37157,58.163989
51770,68.67132913
51067,33.90442152
51580,10.84080305
51089,45.41146043
42051,165.0002508
51023,102.7991027
45089,64.26258118
54075,30.39403325
42121,43.83161661
42129,200.9464598
54077,35.86204951
51690,8.83455918
45069,57.59289333
45041,67.89324416
37153,103.9444239
51019,99.7350911
36013,144.2464213
37125,82.87567048
51017,15.68273805
42005,104.4062465
45043,47.80794563
51143,61.83787401
37165,53.74584695
42123,67.56858871
51163,71.46903956
45067,50.38691571
37037,56.72940894
37001,18.38350081
37033,8.5785391
42031,56.74269515
45033,40.61232025
24023,49.95810905
51590,25.32480311
51678,0.78914109
42063,147.3738025
51009,51.59981851
54023,30.48203447
51015,84.39814307
37093,40.66405332
51031,112.0681685
51530,5.21104571
42111,132.4035985
37155,142.7664607
54093,0.05149091
54057,38.35348912
37135,33.86597497
51680,56.08311373
37105,51.56314842
42065,123.8366382
42053,22.74021215
45051,45.80878234
36029,388.6458035
51790,10.92160025
54031,20.90206109
37145,37.49520665
37047,55.62210758
36009,179.0071671
24001,93.40164199
36063,113.155234
37051,116.5559775
37063,61.44988837
37183,172.1751632
42021,163.7899612
51011,24.52732525
42047,109.6955424
51083,67.06237622
51125,56.44103341
42083,120.7038366
51820,17.20823784
37085,36.9353882
51165,70.34935642
51660,15.50197537
51037,53.2507139
37017,41.20938853
54027,46.22676239
51003,84.38805858
42033,196.9477592
37077,42.19993804
42009,10.77011174
51171,43.49769889
51147,48.44795818
51139,42.29807032
51117,29.43976006
37101,77.13209297
42013,166.751537
51540,10.92761299
37069,14.16610863
51065,27.44713947
51111,5.92340651
54065,44.5001469
36037,67.58319
36121,62.70673968
51029,18.52404005
36073,27.17150439
37181,26.43129509
51049,4.59851391
51187,55.78512032
51069,49.52285187
24043,118.3505832
37163,13.70903656
36003,61.5831474
37185,6.57825147
51137,31.11775059
42027,65.85306835
37127,47.04706406
51135,52.58051992
51109,42.90454486
42023,54.61331775
42105,3.93977835
42061,33.73685318
51840,8.39980035
37019,135.8508444
51075,48.74725361
37061,48.83924658
37191,72.78461688
51007,23.14907114
51043,21.11955885
37195,73.71927533
54003,70.55310032
51047,26.36999673
36051,71.80471087
42035,120.1952826
54037,56.60983925
36055,132.3653651
51061,52.06472469
37129,55.44090379
51053,43.85961222
42087,56.55674926
51025,16.03169381
51145,6.2252701
37065,49.07120829
37107,39.05983037
37079,8.56025722
51041,72.96304993
42055,125.7437974
36101,141.889248
37083,38.94223823
24021,95.52292919
51085,56.4368691
51153,37.7143568
37147,76.41496584
37131,54.00798867
51081,30.90043258
51595,7.38226542
51087,73.41657963
42041,197.1485115
51683,8.91820516
37103,4.6074348
51760,69.72404883
51183,37.50198992
24031,48.6981596
51033,26.6969988
51630,5.78840733
51177,16.14562674
42001,63.2689078
51179,26.37625555
51730,32.29853684
51175,62.16905362
42067,25.61249823
51685,1.38376237
37049,97.85956714
51059,36.67640907
36069,59.54620732
51570,0.93222203
51149,19.10614521
36117,97.14857509
51099,7.30199569
37133,17.67035223
37117,41.10262315
51670,45.88717534
42117,24.33357701
42081,94.94214019
24013,67.14913461
37015,11.90828246
51127,25.00233949
24017,63.40882902
37031,26.84089035
37013,98.65457591
51036,3.89906428
51510,21.55156736
42099,41.25726412
24027,44.65729652
11001,52.13940299
37091,21.7882294
42119,26.29683705
36123,50.24108362
51013,2.77262675
42133,156.7368904
51101,16.13908576
42043,184.2129272
42109,13.83569961
36015,52.44349562
36099,56.84899705
24033,80.61266602
36097,24.37165631
51620,5.06474197
42097,137.3942885
51093,26.38424531
51095,19.91489983
51800,71.18344952
24005,176.5689958
24003,54.40667098
37187,19.24130513
24037,0.94840056
51199,13.65620627
36011,34.25849348
51830,3.64189316
42093,23.66075823
24510,128.872924
42071,168.5439421
36109,33.95045213
51700,82.47745125
42075,41.94743301
37041,4.22101374
37143,15.98622979
36107,76.09085009
42037,42.35688796
36075,103.229636
42015,56.79420007
42107,141.7189042
36067,165.1700688
51550,87.98598807
51740,35.64112593
51650,5.03624734
24025,68.24199786
37139,13.06776459
51710,70.66108988
36023,36.38801423
42079,223.288719
51810,27.95823083
42011,157.6820001
37053,14.78408696
37029,5.02133101
24015,60.08591478
42131,44.91573675
51131,45.21870005
36007,112.4325033
24029,29.15498079
36045,99.61339598
24019,26.41779168
24035,23.35311172
42029,142.8087829
42025,91.41674624
24041,1.0260635
24011,26.88418704
36053,25.24998769
42077,78.81662599
36017,61.9465189
42069,108.6580572
51001,35.44128622
10003,179.2119418
42115,45.53759797
10001,69.36252744
10005,103.3174466
24039,19.87287872
42091,162.4992293
36065,144.3141877
24045,18.50072982
36049,49.48488555
42095,103.5873423
24047,29.30871846
36089,183.3934875
34033,55.56437744
42045,91.53100855
42127,11.99330015
42089,41.95054237
36025,48.48391404
34015,103.588368
42017,136.829254
36077,79.29499661
42101,208.7330433
34011,73.27207634
34041,67.88212301
34019,70.13465943
36043,60.65302395
42103,46.42704641
36105,29.00593872
34007,121.4189767
34005,57.02723894
34001,66.12063469
34009,39.26294363
34021,48.53895574
34027,96.37024601
34035,84.21910268
36071,143.7909335
36057,44.84053572
34037,35.26156862
36033,13.68134839
36095,22.54379425
34023,252.4380008
34031,44.68514146
34039,138.0726542
34025,126.1322008
34013,162.6336141
36111,69.14345851
34029,24.26988591
36093,90.64283484
34003,127.7035847
36085,24.91428864
36087,46.18793226
34017,215.620803
36001,157.5069952
36047,86.40386252
36061,38.30158152
36113,35.8883274
36031,102.4291402
36027,112.360312
36119,88.66822451
36079,37.53179929
36081,108.5097062
36005,75.36748192
36039,33.47846106
36091,109.8431612
36021,64.91916224
36083,81.22251413
36059,83.77527182
09001,109.6402973
36115,99.47133929
36019,53.84167954
09005,71.77124077
36103,195.7304986
25003,105.554997
50021,87.52522079
50003,45.46341531
50007,62.81183351
50001,35.61677921
50013,4.46867999
50011,78.70950298
09009,143.3152039
25015,72.69849888
25013,137.7528464
25011,113.9368744
09003,128.5051506
50023,49.63447248
50017,42.96877783
09007,56.5364736
50027,86.38563598
50025,50.11821707
09013,41.31435435
33005,5.21556973
33019,25.02209662
50019,47.43612551
09011,109.1573435
33009,62.05399895
25027,303.7607448
09015,63.07792127
50005,48.49318985
50009,42.84159982
33013,66.16605989
44009,57.06387766
33011,67.75021831
33007,161.4360847
25017,231.9164392
33001,28.68647554
44003,22.87045425
44007,90.16638565
25021,124.0670586
33003,97.83276303
33015,74.78214633
25005,84.82455881
44001,8.5070013
44005,4.32877212
25025,65.08986067
25009,107.9384489
33017,44.07960082
25023,81.36910578
23017,83.68627204
23031,41.07733394
23005,163.6191699
23007,20.65639411
25001,52.3856498
23025,124.4288919
23001,69.75710258
23011,107.7387681
23023,39.38835962
23015,29.83379873
23021,123.0522674
23027,60.56139962
23013,17.03052892
23019,296.5927824
23003,397.2734365
23009,54.95481122
23029,120.3841583
36041,11.95888975
99999,566.4308121
